ID Venda;Preço Produto (R$);Quantidade Vendida;Desconto Aplicado (%);Avaliação do Produto;Categoria do Produto;Meio de Pagamento;Identificação da Loja;Satisfação com Atendimento;Região de Compra;Status da Entrega;Frete Grátis
1;380,79;2;3;2;Casa;Cartão de Crédito;Loja Virtual;Boa;Nordeste;Entregue;Não
2;951,21;1;17;1;Esportes;Boleto;Filial C;Excelente;Sul;Aguardando Pagamento;Sim
3;734,67;6;14;2;Beleza;Cartão de Crédito;Filial B;Boa;Norte;Em Trânsito;Sim
4;602,67;5;9;3;Eletrônicos;Pix;Filial B;Boa;Norte;Cancelado;Não
5;164,46;9;4;4;Casa;Pix;Filial C;Neutro;Sul;Entregue;Sim
6;164,43;1;22;2;Beleza;Cartão de Crédito;Loja Virtual;Boa;Nordeste;Aguardando Pagamento;Não
7;6,75;7;6;1;Livros;Pix;Filial A;Neutro;Sul;Entregue;Sim
8;867,51;5;3;2;Beleza;Transferência Bancária;Matriz;Neutro;Norte;Entregue;Não
9;60,51;5;13;5;Roupas;Cartão de Crédito;Loja Virtual;Boa;Norte;Entregue;Não
10;710,99;2;24;1;Roupas;Boleto;Filial C;Excelente;Centro-Oeste;Aguardando Pagamento;Sim
11;30,38;3;22;3;Livros;Transferência Bancária;Matriz;Excelente;Centro-Oeste;Em Trânsito;Sim
12;970,21;7;2;4;Eletrônicos;Cartão de Crédito;Filial B;Ruim;Sudeste;Em Trânsito;Não
13;834,12;6;14;2;Casa;Boleto;Filial A;Ruim;Norte;Em Trânsito;Não
14;220,22;2;16;1;Beleza;Pix;Filial B;Boa;Centro-Oeste;Entregue;Não
15;190,01;6;19;5;Roupas;Boleto;Filial C;Excelente;Sul;Aguardando Pagamento;Não
16;191,57;2;2;1;Eletrônicos;Transferência Bancária;Matriz;Neutro;Nordeste;Entregue;Não
17;31,12;2;11;5;Livros;Pix;Filial C;Ruim;Sul;Em Trânsito;Não
18;529,51;2;17;3;Esportes;Cartão de Crédito;Matriz;Neutro;Nordeste;Em Trânsito;Não
19;437,63;3;14;4;Roupas;Pix;Loja Virtual;Ruim;Centro-Oeste;Aguardando Pagamento;Não
20;298,32;2;27;3;Livros;Cartão de Crédito;Filial A;Boa;Sudeste;Entregue;Não
21;615,73;4;16;2;Beleza;Cartão de Crédito;Loja Virtual;Excelente;Sul;Cancelado;Não
22;14,81;9;13;1;Casa;Boleto;Loja Virtual;Ruim;Sul;Cancelado;Não
23;299,22;6;12;5;Roupas;Boleto;Filial C;Excelente;Sul;Em Trânsito;Não
24;37,27;1;17;5;Roupas;Boleto;Filial A;Neutro;Nordeste;Aguardando Pagamento;Não
25;461,51;8;24;1;Beleza;Transferência Bancária;Matriz;Boa;Centro-Oeste;Entregue;Sim
26;787,32;7;16;1;Esportes;Transferência Bancária;Matriz;Excelente;Sul;Entregue;Sim
27;207,68;3;2;2;Eletrônicos;Boleto;Filial B;Boa;Sul;Em Trânsito;Não
28;519,09;1;22;3;Casa;Transferência Bancária;Matriz;Excelente;Sudeste;Em Trânsito;Não
29;596,49;5;16;5;Roupas;Pix;Filial C;Neutro;Sudeste;Entregue;Não
30;55,99;4;13;2;Casa;Pix;Loja Virtual;Neutro;Centro-Oeste;Entregue;Sim
31;611,47;8;26;3;Roupas;Transferência Bancária;Loja Virtual;Boa;Centro-Oeste;Em Trânsito;Não
32;178,82;1;13;2;Casa;Transferência Bancária;Loja Virtual;Neutro;Norte;Entregue;Não
33;7,44;1;14;5;Livros;Pix;Filial A;Ruim;Sudeste;Cancelado;Sim
34;94,94;4;3;1;Roupas;Cartão de Crédito;Matriz;Excelente;Norte;Em Trânsito;Não
35;965,98;8;0;1;Casa;Pix;Filial C;Neutro;Nordeste;Entregue;Não
36;810,31;5;6;3;Eletrônicos;Pix;Filial A;Ruim;Norte;Em Trânsito;Não
37;311,57;2;12;4;Livros;Transferência Bancária;Filial B;Boa;Sul;Aguardando Pagamento;Não
38;10,67;6;28;3;Livros;Pix;Filial C;Ruim;Norte;Em Trânsito;Não
39;687,39;5;2;4;Eletrônicos;Transferência Bancária;Filial C;Boa;Centro-Oeste;Em Trânsito;Não
40;445,75;2;0;2;Casa;Transferência Bancária;Filial C;Boa;Nordeste;Aguardando Pagamento;Não
41;130,82;3;2;2;Beleza;Boleto;Loja Virtual;Excelente;Sul;Cancelado;Não
42;500,23;9;3;5;Eletrônicos;Pix;Filial C;Excelente;Norte;Entregue;Não
43;44,04;7;1;4;Casa;Cartão de Crédito;Matriz;Ruim;Nordeste;Aguardando Pagamento;Não
44;910,23;7;14;5;Eletrônicos;Boleto;Filial C;Excelente;Nordeste;Em Trânsito;Sim
45;266,19;6;17;1;Eletrônicos;Transferência Bancária;Loja Virtual;Excelente;Sul;Entregue;Não
46;66,59;8;8;4;Roupas;Transferência Bancária;Filial C;Excelente;Norte;Aguardando Pagamento;Sim
47;318,59;4;12;3;Casa;Cartão de Crédito;Filial B;Ruim;Nordeste;Entregue;Não
48;524,87;8;3;1;Beleza;Transferência Bancária;Filial B;Neutro;Nordeste;Entregue;Não
49;551,24;4;1;1;Roupas;Pix;Loja Virtual;Excelente;Sudeste;Aguardando Pagamento;Sim
50;193,01;8;16;3;Eletrônicos;Boleto;Matriz;Excelente;Nordeste;Entregue;Não
51;969,89;9;22;1;Esportes;Transferência Bancária;Matriz;Ruim;Sudeste;Cancelado;Sim
52;777,38;3;0;4;Eletrônicos;Transferência Bancária;Filial A;Neutro;Norte;Aguardando Pagamento;Não
53;94,01;3;14;5;Eletrônicos;Cartão de Crédito;Loja Virtual;Excelente;Norte;Cancelado;Não
54;895,88;2;9;1;Casa;Pix;Filial C;Boa;Norte;Em Trânsito;Não
55;601,92;3;26;4;Casa;Transferência Bancária;Loja Virtual;Ruim;Centro-Oeste;Entregue;Sim
56;922,66;3;21;2;Roupas;Cartão de Crédito;Filial A;Excelente;Norte;Em Trânsito;Sim
57;97,61;5;18;4;Beleza;Transferência Bancária;Loja Virtual;Excelente;Nordeste;Em Trânsito;Não
58;204,02;5;8;5;Roupas;Cartão de Crédito;Loja Virtual;Boa;Sul;Entregue;Não
59;54,78;2;27;4;Livros;Cartão de Crédito;Filial A;Boa;Sudeste;Aguardando Pagamento;Não
60;332,08;6;1;3;Eletrônicos;Pix;Matriz;Ruim;Centro-Oeste;Entregue;Não
61;394,79;5;3;5;Esportes;Transferência Bancária;Filial C;Ruim;Norte;Em Trânsito;Não
62;278,64;6;12;2;Eletrônicos;Pix;Filial A;Boa;Norte;Em Trânsito;Não
63;830,45;1;4;3;Eletrônicos;Cartão de Crédito;Filial B;Ruim;Sul;Aguardando Pagamento;Não
64;363,19;5;29;4;Roupas;Boleto;Matriz;Boa;Sul;Entregue;Sim
65;288,13;9;24;5;Esportes;Transferência Bancária;Filial B;Excelente;Centro-Oeste;Em Trânsito;Sim
66;547,27;2;8;2;Esportes;Boleto;Matriz;Boa;Sudeste;Cancelado;Não
67;149,51;1;18;3;Esportes;Transferência Bancária;Filial C;Boa;Norte;Em Trânsito;Sim
68;804,18;9;29;2;Roupas;Pix;Filial C;Neutro;Centro-Oeste;Em Trânsito;Não
69;83,81;9;27;4;Eletrônicos;Pix;Loja Virtual;Boa;Nordeste;Aguardando Pagamento;Não
70;987,02;9;18;2;Roupas;Pix;Filial B;Boa;Nordeste;Cancelado;Sim
71;774,52;6;27;1;Casa;Pix;Matriz;Neutro;Centro-Oeste;Em Trânsito;Sim
72;206,73;8;3;3;Casa;Pix;Filial C;Ruim;Norte;Em Trânsito;Não
73;15,47;1;22;2;Roupas;Boleto;Filial A;Neutro;Centro-Oeste;Cancelado;Não
74;817,31;4;2;4;Esportes;Pix;Filial C;Excelente;Norte;Entregue;Não
75;709,79;1;12;4;Eletrônicos;Cartão de Crédito;Filial A;Neutro;Sul;Entregue;Não
76;731,72;8;25;2;Roupas;Cartão de Crédito;Matriz;Excelente;Centro-Oeste;Em Trânsito;Não
77;773,56;1;7;4;Roupas;Boleto;Filial C;Ruim;Norte;Em Trânsito;Não
78;8,33;3;25;5;Roupas;Transferência Bancária;Filial C;Neutro;Centro-Oeste;Entregue;Não
79;364,88;4;4;5;Livros;Cartão de Crédito;Matriz;Neutro;Centro-Oeste;Aguardando Pagamento;Não
80;124,71;8;1;5;Casa;Transferência Bancária;Filial C;Ruim;Norte;Cancelado;Não
81;864,47;6;12;1;Esportes;Boleto;Filial A;Excelente;Norte;Cancelado;Sim
82;627,07;7;1;2;Beleza;Transferência Bancária;Filial C;Neutro;Sudeste;Aguardando Pagamento;Não
83;337,59;8;29;1;Esportes;Transferência Bancária;Filial B;Excelente;Centro-Oeste;Aguardando Pagamento;Não
84;72,92;2;25;4;Beleza;Transferência Bancária;Loja Virtual;Neutro;Nordeste;Aguardando Pagamento;Sim
85;317,87;8;24;1;Livros;Transferência Bancária;Filial A;Boa;Centro-Oeste;Aguardando Pagamento;Sim
86;331,93;3;19;4;Roupas;Boleto;Filial B;Neutro;Centro-Oeste;Aguardando Pagamento;Não
87;732,31;7;6;4;Livros;Cartão de Crédito;Matriz;Ruim;Norte;Aguardando Pagamento;Não
88;641,18;3;16;3;Livros;Pix;Filial A;Ruim;Centro-Oeste;Cancelado;Não
89;888,34;7;18;5;Eletrônicos;Transferência Bancária;Loja Virtual;Excelente;Centro-Oeste;Aguardando Pagamento;Sim
90;477,49;2;16;4;Casa;Cartão de Crédito;Loja Virtual;Neutro;Nordeste;Entregue;Sim
91;12,84;6;8;3;Beleza;Cartão de Crédito;Matriz;Excelente;Norte;Aguardando Pagamento;Não
92;716,11;3;15;5;Roupas;Boleto;Matriz;Excelente;Centro-Oeste;Aguardando Pagamento;Não
93;763,18;3;15;4;Beleza;Cartão de Crédito;Filial A;Boa;Sul;Cancelado;Não
94;565,66;9;3;4;Esportes;Boleto;Filial C;Boa;Sudeste;Cancelado;Não
95;773,26;7;27;1;Beleza;Transferência Bancária;Matriz;Ruim;Nordeste;Aguardando Pagamento;Não
96;498,86;5;14;1;Esportes;Transferência Bancária;Filial C;Excelente;Centro-Oeste;Cancelado;Não
97;527,51;7;19;5;Casa;Pix;Filial B;Ruim;Sul;Em Trânsito;Não
98;433,27;9;22;4;Esportes;Pix;Loja Virtual;Neutro;Centro-Oeste;Cancelado;Não
99;35,16;1;1;2;Beleza;Pix;Filial C;Excelente;Centro-Oeste;Cancelado;Não
100;116,81;7;27;1;Beleza;Cartão de Crédito;Loja Virtual;Excelente;Norte;Cancelado;Não
101;41,11;6;26;5;Esportes;Transferência Bancária;Filial C;Neutro;Norte;Cancelado;Não
102;640,05;9;14;4;Livros;Boleto;Filial B;Neutro;Norte;Entregue;Não
103;321,21;1;12;4;Casa;Pix;Matriz;Ruim;Sul;Entregue;Sim
104;513,48;4;8;2;Eletrônicos;Boleto;Filial B;Ruim;Centro-Oeste;Entregue;Não
105;908,49;9;14;5;Roupas;Boleto;Matriz;Neutro;Sudeste;Aguardando Pagamento;Sim
106;25,68;4;1;4;Beleza;Pix;Matriz;Ruim;Nordeste;Aguardando Pagamento;Não
107;416,28;3;26;1;Roupas;Transferência Bancária;Loja Virtual;Neutro;Norte;Em Trânsito;Não
108;75,80;9;1;2;Eletrônicos;Pix;Filial B;Excelente;Norte;Entregue;Não
109;236,51;2;1;5;Roupas;Boleto;Filial C;Excelente;Centro-Oeste;Aguardando Pagamento;Sim
110;86,21;4;28;2;Eletrônicos;Pix;Filial B;Boa;Centro-Oeste;Cancelado;Não
111;296,85;6;22;1;Esportes;Boleto;Loja Virtual;Excelente;Sul;Cancelado;Não
112;169,61;2;8;5;Livros;Boleto;Matriz;Neutro;Sul;Entregue;Não
113;93,04;8;8;2;Beleza;Pix;Loja Virtual;Ruim;Norte;Em Trânsito;Não
114;810,04;8;0;3;Eletrônicos;Cartão de Crédito;Filial A;Boa;Centro-Oeste;Em Trânsito;Não
115;637,07;1;21;1;Roupas;Pix;Filial A;Ruim;Sudeste;Cancelado;Não
116;872,75;3;1;1;Beleza;Cartão de Crédito;Filial C;Neutro;Nordeste;Em Trânsito;Sim
117;805,64;9;16;1;Livros;Boleto;Loja Virtual;Excelente;Centro-Oeste;Entregue;Sim
118;19,47;5;29;3;Esportes;Boleto;Filial C;Boa;Centro-Oeste;Cancelado;Não
119;893,63;6;3;3;Beleza;Cartão de Crédito;Filial C;Neutro;Sul;Aguardando Pagamento;Não
120;543,95;4;27;4;Eletrônicos;Boleto;Filial A;Boa;Nordeste;Aguardando Pagamento;Sim
121;809,37;2;3;2;Livros;Cartão de Crédito;Filial C;Boa;Norte;Em Trânsito;Sim
122;897,13;8;2;4;Roupas;Cartão de Crédito;Filial A;Excelente;Centro-Oeste;Cancelado;Sim
123;324,82;6;26;2;Livros;Boleto;Matriz;Neutro;Norte;Cancelado;Não
124;118,95;5;15;3;Livros;Transferência Bancária;Loja Virtual;Ruim;Centro-Oeste;Aguardando Pagamento;Não
125;235,66;9;27;3;Casa;Cartão de Crédito;Filial C;Boa;Norte;Cancelado;Não
126;432,84;1;17;4;Livros;Pix;Filial A;Boa;Nordeste;Cancelado;Não
127;819,83;5;2;5;Livros;Pix;Filial B;Ruim;Sul;Cancelado;Não
128;862,12;6;16;4;Beleza;Boleto;Filial C;Neutro;Nordeste;Em Trânsito;Sim
129;16,88;5;26;2;Roupas;Transferência Bancária;Matriz;Boa;Sudeste;Cancelado;Sim
130;515,64;6;22;4;Beleza;Boleto;Matriz;Boa;Sul;Entregue;Sim
131;423,24;6;16;1;Beleza;Transferência Bancária;Filial B;Boa;Nordeste;Em Trânsito;Não
132;229,89;7;26;2;Eletrônicos;Cartão de Crédito;Filial A;Neutro;Sudeste;Cancelado;Não
133;128,67;4;7;2;Beleza;Cartão de Crédito;Filial C;Neutro;Centro-Oeste;Cancelado;Sim
134;344,24;8;5;5;Casa;Cartão de Crédito;Filial A;Ruim;Centro-Oeste;Entregue;Não
135;943,48;7;5;3;Casa;Cartão de Crédito;Matriz;Neutro;Norte;Em Trânsito;Não
136;329,97;9;1;2;Eletrônicos;Pix;Filial A;Neutro;Sul;Aguardando Pagamento;Não
137;52,36;7;7;3;Esportes;Pix;Matriz;Excelente;Centro-Oeste;Aguardando Pagamento;Sim
138;705,99;3;28;4;Roupas;Boleto;Filial A;Ruim;Sul;Em Trânsito;Não
139;369,99;3;3;1;Roupas;Transferência Bancária;Filial B;Boa;Centro-Oeste;Cancelado;Não
140;972,06;8;21;5;Beleza;Cartão de Crédito;Loja Virtual;Neutro;Norte;Cancelado;Sim
141;962,82;5;6;3;Beleza;Cartão de Crédito;Filial B;Boa;Nordeste;Aguardando Pagamento;Não
142;259,26;4;26;2;Esportes;Transferência Bancária;Filial B;Boa;Norte;Aguardando Pagamento;Sim
143;502,28;8;29;3;Beleza;Transferência Bancária;Loja Virtual;Excelente;Sudeste;Aguardando Pagamento;Não
144;307,87;6;14;2;Roupas;Boleto;Loja Virtual;Neutro;Centro-Oeste;Entregue;Não
145;291,99;2;26;3;Livros;Transferência Bancária;Filial C;Ruim;Sudeste;Aguardando Pagamento;Não
146;46,52;4;0;2;Casa;Cartão de Crédito;Filial C;Neutro;Sudeste;Entregue;Não
147;613,47;4;25;4;Livros;Cartão de Crédito;Filial B;Boa;Sul;Em Trânsito;Não
148;507,65;6;7;2;Livros;Cartão de Crédito;Filial B;Ruim;Centro-Oeste;Cancelado;Não
149;60,96;6;27;2;Roupas;Cartão de Crédito;Matriz;Neutro;Sudeste;Aguardando Pagamento;Não
150;285,86;1;0;1;Livros;Cartão de Crédito;Matriz;Boa;Nordeste;Cancelado;Não
151;909,18;8;17;2;Esportes;Boleto;Filial C;Boa;Sudeste;Cancelado;Não
152;247,17;6;23;1;Eletrônicos;Cartão de Crédito;Filial C;Excelente;Nordeste;Aguardando Pagamento;Não
153;153,45;3;8;5;Beleza;Boleto;Matriz;Excelente;Sul;Aguardando Pagamento;Não
154;494,56;9;6;1;Eletrônicos;Cartão de Crédito;Matriz;Excelente;Sudeste;Em Trânsito;Não
155;985,79;2;3;4;Casa;Pix;Filial A;Boa;Norte;Entregue;Não
156;249,63;8;1;1;Beleza;Pix;Filial A;Neutro;Sul;Entregue;Não
157;675,41;3;17;5;Livros;Pix;Matriz;Excelente;Nordeste;Cancelado;Não
158;76,40;5;3;4;Casa;Pix;Filial A;Neutro;Sul;Aguardando Pagamento;Não
159;245,26;6;11;3;Beleza;Boleto;Loja Virtual;Excelente;Sudeste;Em Trânsito;Não
160;730,93;6;0;3;Esportes;Boleto;Filial C;Ruim;Centro-Oeste;Em Trânsito;Não
161;374,11;4;25;1;Esportes;Transferência Bancária;Filial C;Ruim;Centro-Oeste;Em Trânsito;Não
162;635,98;3;4;1;Esportes;Cartão de Crédito;Matriz;Excelente;Nordeste;Em Trânsito;Não
163;637,19;4;9;5;Esportes;Pix;Filial B;Boa;Nordeste;Em Trânsito;Não
164;540,42;1;1;5;Livros;Boleto;Matriz;Excelente;Centro-Oeste;Entregue;Não
165;99,39;4;13;2;Eletrônicos;Cartão de Crédito;Filial A;Excelente;Nordeste;Entregue;Não
166;836,95;1;25;5;Beleza;Cartão de Crédito;Filial B;Boa;Sul;Entregue;Não
167;327,57;1;12;2;Livros;Boleto;Filial A;Ruim;Norte;Aguardando Pagamento;Não
168;194,65;6;5;4;Esportes;Pix;Loja Virtual;Neutro;Norte;Cancelado;Sim
169;50,37;5;23;1;Eletrônicos;Transferência Bancária;Filial A;Excelente;Sul;Em Trânsito;Sim
170;594,98;4;24;4;Casa;Cartão de Crédito;Loja Virtual;Boa;Norte;Aguardando Pagamento;Sim
171;680,79;3;5;5;Casa;Transferência Bancária;Loja Virtual;Excelente;Sudeste;Em Trânsito;Não
172;26,42;1;23;4;Casa;Pix;Filial A;Boa;Sul;Entregue;Sim
173;516,97;6;28;4;Esportes;Pix;Filial A;Neutro;Nordeste;Aguardando Pagamento;Sim
174;234,23;2;5;4;Casa;Transferência Bancária;Loja Virtual;Neutro;Sul;Entregue;Não
175;648,72;8;23;5;Roupas;Pix;Filial B;Ruim;Centro-Oeste;Em Trânsito;Não
176;182,62;5;21;4;Beleza;Cartão de Crédito;Loja Virtual;Boa;Nordeste;Em Trânsito;Não
177;694,03;7;14;2;Beleza;Transferência Bancária;Filial C;Boa;Centro-Oeste;Cancelado;Não
178;392,87;2;2;5;Esportes;Pix;Loja Virtual;Ruim;Nordeste;Em Trânsito;Sim
179;937,36;8;2;4;Roupas;Transferência Bancária;Filial B;Ruim;Norte;Entregue;Não
180;146,15;2;26;5;Livros;Cartão de Crédito;Filial C;Boa;Sul;Em Trânsito;Não
181;347,66;4;3;3;Livros;Pix;Matriz;Ruim;Sudeste;Cancelado;Não
182;122,34;1;2;2;Casa;Cartão de Crédito;Matriz;Neutro;Nordeste;Cancelado;Não
183;925,45;5;13;4;Eletrônicos;Pix;Filial B;Excelente;Nordeste;Entregue;Não
184;878,57;9;19;3;Livros;Boleto;Loja Virtual;Neutro;Centro-Oeste;Aguardando Pagamento;Não
185;265,36;1;18;3;Eletrônicos;Pix;Filial A;Ruim;Norte;Em Trânsito;Não
186;663,38;9;12;5;Beleza;Transferência Bancária;Filial B;Boa;Centro-Oeste;Cancelado;Sim
187;819,05;8;2;3;Eletrônicos;Pix;Filial C;Boa;Centro-Oeste;Em Trânsito;Sim
188;559,65;6;25;2;Beleza;Cartão de Crédito;Filial C;Neutro;Norte;Em Trânsito;Sim
189;534,35;7;11;2;Roupas;Cartão de Crédito;Matriz;Boa;Sudeste;Aguardando Pagamento;Sim
190;249,43;3;25;1;Roupas;Pix;Filial C;Ruim;Centro-Oeste;Cancelado;Não
191;102,17;1;8;2;Esportes;Transferência Bancária;Filial B;Neutro;Centro-Oeste;Em Trânsito;Sim
192;898,24;5;0;3;Esportes;Boleto;Filial C;Boa;Nordeste;Cancelado;Não
193;901,41;2;5;2;Casa;Transferência Bancária;Filial B;Excelente;Norte;Entregue;Sim
194;636,77;5;14;5;Livros;Boleto;Filial A;Excelente;Sul;Entregue;Sim
195;345,64;8;28;1;Casa;Cartão de Crédito;Matriz;Ruim;Sudeste;Em Trânsito;Não
196;355,72;9;3;3;Beleza;Transferência Bancária;Filial C;Boa;Sudeste;Cancelado;Sim
197;72,87;2;26;1;Casa;Boleto;Filial B;Ruim;Norte;Em Trânsito;Não
198;898,14;3;16;3;Eletrônicos;Pix;Loja Virtual;Neutro;Nordeste;Cancelado;Não
199;888,22;3;25;5;Beleza;Cartão de Crédito;Matriz;Excelente;Nordeste;Cancelado;Sim
200;782,08;1;9;1;Esportes;Pix;Filial A;Neutro;Norte;Aguardando Pagamento;Sim
201;645,61;8;25;4;Roupas;Cartão de Crédito;Filial B;Boa;Nordeste;Aguardando Pagamento;Não
202;9,33;6;23;3;Esportes;Transferência Bancária;Filial A;Ruim;Sudeste;Aguardando Pagamento;Sim
203;170,01;8;7;4;Livros;Transferência Bancária;Filial A;Ruim;Sudeste;Em Trânsito;Sim
204;899,57;9;4;1;Beleza;Cartão de Crédito;Filial C;Ruim;Sul;Aguardando Pagamento;Sim
205;610,36;5;26;4;Beleza;Cartão de Crédito;Filial C;Neutro;Norte;Aguardando Pagamento;Sim
206;19,11;3;29;4;Eletrônicos;Cartão de Crédito;Filial B;Excelente;Centro-Oeste;Entregue;Não
207;110,46;5;1;1;Livros;Transferência Bancária;Loja Virtual;Neutro;Centro-Oeste;Cancelado;Não
208;666,87;5;22;5;Roupas;Boleto;Filial B;Neutro;Sul;Cancelado;Não
209;15,01;5;27;4;Beleza;Pix;Loja Virtual;Boa;Sul;Aguardando Pagamento;Sim
210;16,92;3;26;4;Beleza;Pix;Filial A;Boa;Nordeste;Cancelado;Sim
211;553,25;4;29;5;Eletrônicos;Transferência Bancária;Matriz;Boa;Sul;Entregue;Não
212;694,98;9;23;4;Casa;Pix;Filial B;Excelente;Sul;Entregue;Não
213;655,44;9;13;4;Roupas;Cartão de Crédito;Filial B;Excelente;Centro-Oeste;Aguardando Pagamento;Não
214;232,03;2;9;4;Esportes;Boleto;Loja Virtual;Boa;Nordeste;Entregue;Não
215;715,06;8;1;2;Livros;Pix;Filial A;Boa;Sul;Cancelado;Não
216;244,88;8;22;5;Beleza;Boleto;Filial A;Excelente;Sul;Em Trânsito;Não
217;332,15;7;22;4;Beleza;Cartão de Crédito;Loja Virtual;Ruim;Nordeste;Cancelado;Não
218;749,03;8;6;5;Esportes;Pix;Filial A;Excelente;Norte;Em Trânsito;Não
219;653,14;3;26;3;Roupas;Transferência Bancária;Filial C;Excelente;Nordeste;Aguardando Pagamento;Não
220;850,73;6;21;3;Casa;Boleto;Matriz;Excelente;Centro-Oeste;Em Trânsito;Sim
221;661,04;1;17;4;Beleza;Cartão de Crédito;Filial B;Boa;Norte;Entregue;Não
222;572,63;7;14;5;Roupas;Boleto;Matriz;Ruim;Sudeste;Cancelado;Não
223;102,74;1;16;5;Esportes;Pix;Filial B;Excelente;Nordeste;Em Trânsito;Não
224;374,04;9;5;5;Eletrônicos;Pix;Filial C;Boa;Centro-Oeste;Cancelado;Não
225;272,55;1;6;2;Casa;Transferência Bancária;Filial A;Neutro;Norte;Aguardando Pagamento;Não
226;251,55;1;3;3;Livros;Cartão de Crédito;Loja Virtual;Neutro;Nordeste;Aguardando Pagamento;Sim
227;973,28;7;5;5;Beleza;Cartão de Crédito;Filial C;Excelente;Sul;Entregue;Não
228;399,17;2;14;5;Roupas;Transferência Bancária;Matriz;Neutro;Nordeste;Aguardando Pagamento;Não
229;893,13;5;16;2;Eletrônicos;Transferência Bancária;Loja Virtual;Ruim;Sudeste;Em Trânsito;Não
230;634,83;8;1;2;Livros;Cartão de Crédito;Filial A;Neutro;Nordeste;Aguardando Pagamento;Não
231;796,86;8;24;5;Roupas;Boleto;Filial C;Neutro;Norte;Entregue;Não
232;507,61;3;9;1;Roupas;Boleto;Loja Virtual;Ruim;Norte;Cancelado;Não
233;581,13;7;27;5;Livros;Transferência Bancária;Filial C;Excelente;Nordeste;Cancelado;Não
234;497,59;3;29;5;Eletrônicos;Boleto;Filial C;Excelente;Norte;Aguardando Pagamento;Não
235;203,29;6;6;2;Esportes;Cartão de Crédito;Filial A;Ruim;Sul;Em Trânsito;Não
236;725,23;6;14;2;Eletrônicos;Pix;Filial B;Ruim;Nordeste;Entregue;Não
237;287,96;3;0;5;Casa;Pix;Loja Virtual;Ruim;Sul;Em Trânsito;Sim
238;34,07;7;18;5;Beleza;Boleto;Filial A;Neutro;Sul;Entregue;Não
239;649,02;3;18;5;Livros;Transferência Bancária;Filial C;Ruim;Centro-Oeste;Aguardando Pagamento;Sim
240;185,34;8;7;2;Esportes;Transferência Bancária;Filial A;Boa;Nordeste;Entregue;Não
241;941,05;4;17;5;Livros;Transferência Bancária;Filial B;Neutro;Norte;Entregue;Não
242;954,39;1;7;5;Livros;Transferência Bancária;Loja Virtual;Excelente;Sul;Aguardando Pagamento;Não
243;915,72;4;5;4;Eletrônicos;Transferência Bancária;Filial B;Excelente;Centro-Oeste;Em Trânsito;Não
244;376,46;7;2;1;Beleza;Boleto;Matriz;Excelente;Nordeste;Aguardando Pagamento;Sim
245;2,53;4;1;3;Casa;Pix;Loja Virtual;Neutro;Nordeste;Entregue;Sim
246;929,04;6;18;1;Roupas;Pix;Filial B;Boa;Sudeste;Aguardando Pagamento;Não
247;43,39;9;13;4;Roupas;Boleto;Filial C;Ruim;Sudeste;Entregue;Não
248;966,99;1;3;3;Livros;Transferência Bancária;Loja Virtual;Ruim;Sul;Aguardando Pagamento;Não
249;963,98;5;4;5;Beleza;Boleto;Loja Virtual;Excelente;Sudeste;Cancelado;Sim
250;854,48;7;14;4;Esportes;Pix;Filial A;Excelente;Sul;Cancelado;Sim
251;30,15;1;2;5;Eletrônicos;Cartão de Crédito;Filial C;Neutro;Norte;Aguardando Pagamento;Sim
252;391,25;4;12;2;Beleza;Boleto;Matriz;Boa;Sul;Em Trânsito;Sim
253;852,63;6;29;4;Beleza;Transferência Bancária;Filial B;Ruim;Sudeste;Entregue;Não
254;323,75;2;22;2;Eletrônicos;Pix;Filial A;Neutro;Norte;Cancelado;Não
255;17,78;5;2;4;Livros;Pix;Filial B;Ruim;Sudeste;Em Trânsito;Não
256;561,23;1;23;4;Beleza;Pix;Matriz;Excelente;Sul;Entregue;Não
257;936,79;6;29;2;Roupas;Pix;Matriz;Ruim;Centro-Oeste;Cancelado;Sim
258;699,07;6;27;3;Eletrônicos;Transferência Bancária;Loja Virtual;Boa;Nordeste;Cancelado;Não
259;574,36;4;22;1;Esportes;Cartão de Crédito;Matriz;Boa;Sudeste;Aguardando Pagamento;Sim
260;10,62;8;22;5;Casa;Pix;Filial B;Excelente;Sul;Entregue;Sim
261;618,86;4;4;4;Livros;Boleto;Filial C;Boa;Norte;Em Trânsito;Não
262;990,15;8;3;5;Eletrônicos;Cartão de Crédito;Filial C;Boa;Sudeste;Em Trânsito;Sim
263;148,68;8;17;2;Casa;Pix;Loja Virtual;Neutro;Sudeste;Em Trânsito;Sim
264;523,15;5;1;5;Casa;Cartão de Crédito;Filial B;Ruim;Nordeste;Entregue;Não
265;87,86;4;14;2;Esportes;Boleto;Filial B;Excelente;Sul;Em Trânsito;Não
266;743,36;2;6;5;Beleza;Pix;Matriz;Excelente;Centro-Oeste;Em Trânsito;Não
267;700,05;3;1;1;Esportes;Boleto;Filial B;Excelente;Norte;Em Trânsito;Sim
268;705,46;3;23;1;Beleza;Transferência Bancária;Filial A;Excelente;Sul;Aguardando Pagamento;Sim
269;36,59;4;28;1;Beleza;Pix;Matriz;Excelente;Norte;Aguardando Pagamento;Não
270;300,66;4;2;1;Eletrônicos;Pix;Filial A;Boa;Sudeste;Entregue;Sim
271;811,27;5;16;1;Eletrônicos;Pix;Loja Virtual;Neutro;Nordeste;Entregue;Não
272;812,01;4;26;1;Livros;Pix;Filial C;Excelente;Nordeste;Em Trânsito;Sim
273;86,84;8;2;2;Beleza;Transferência Bancária;Loja Virtual;Neutro;Centro-Oeste;Aguardando Pagamento;Não
274;914,11;6;25;4;Casa;Pix;Filial C;Neutro;Nordeste;Cancelado;Sim
275;516,23;6;11;5;Roupas;Cartão de Crédito;Loja Virtual;Boa;Sudeste;Cancelado;Não
276;50,65;8;1;1;Livros;Pix;Filial B;Excelente;Centro-Oeste;Em Trânsito;Não
277;800,31;7;29;2;Eletrônicos;Transferência Bancária;Filial A;Boa;Sul;Em Trânsito;Não
278;653,46;8;6;2;Esportes;Pix;Filial C;Excelente;Nordeste;Aguardando Pagamento;Sim
279;704,95;2;21;2;Livros;Cartão de Crédito;Matriz;Boa;Centro-Oeste;Aguardando Pagamento;Não
280;797,83;9;25;4;Livros;Transferência Bancária;Filial A;Neutro;Sudeste;Aguardando Pagamento;Não
281;891,11;1;1;5;Livros;Transferência Bancária;Matriz;Excelente;Norte;Entregue;Não
282;344,62;8;2;4;Livros;Cartão de Crédito;Filial A;Ruim;Norte;Entregue;Não
283;381,83;4;29;3;Roupas;Cartão de Crédito;Filial A;Neutro;Sudeste;Em Trânsito;Sim
284;103,04;4;4;2;Esportes;Cartão de Crédito;Loja Virtual;Ruim;Sudeste;Entregue;Sim
285;58,25;5;27;3;Esportes;Cartão de Crédito;Filial C;Neutro;Norte;Aguardando Pagamento;Não
286;45,58;8;18;1;Esportes;Cartão de Crédito;Filial C;Boa;Centro-Oeste;Aguardando Pagamento;Sim
287;470,94;5;18;1;Beleza;Transferência Bancária;Filial A;Excelente;Norte;Entregue;Não
288;547,22;8;18;4;Casa;Transferência Bancária;Filial B;Neutro;Sudeste;Cancelado;Não
289;293,68;1;9;5;Esportes;Pix;Filial B;Boa;Nordeste;Em Trânsito;Não
290;594,92;9;28;3;Livros;Pix;Matriz;Excelente;Sul;Cancelado;Não
291;4,02;6;28;5;Livros;Boleto;Matriz;Excelente;Nordeste;Em Trânsito;Não
292;46,97;3;19;4;Esportes;Pix;Loja Virtual;Neutro;Nordeste;Cancelado;Sim
293;824,37;8;24;1;Esportes;Pix;Filial A;Excelente;Sudeste;Entregue;Sim
294;366,59;9;18;5;Livros;Cartão de Crédito;Matriz;Neutro;Norte;Em Trânsito;Não
295;135,79;6;15;5;Beleza;Cartão de Crédito;Matriz;Excelente;Centro-Oeste;Em Trânsito;Sim
296;527,02;7;2;1;Eletrônicos;Pix;Filial A;Ruim;Nordeste;Em Trânsito;Sim
297;772,29;1;17;3;Eletrônicos;Boleto;Loja Virtual;Boa;Norte;Aguardando Pagamento;Não
298;223,66;5;18;1;Esportes;Cartão de Crédito;Matriz;Ruim;Centro-Oeste;Aguardando Pagamento;Não
299;626,66;5;24;5;Roupas;Pix;Loja Virtual;Neutro;Nordeste;Cancelado;Não
300;94,49;4;14;3;Esportes;Pix;Filial C;Ruim;Centro-Oeste;Entregue;Sim
301;61,16;6;1;3;Esportes;Transferência Bancária;Loja Virtual;Neutro;Norte;Aguardando Pagamento;Sim
302;536,04;7;5;1;Eletrônicos;Boleto;Filial B;Excelente;Sul;Em Trânsito;Sim
303;545,23;9;13;5;Livros;Transferência Bancária;Filial B;Excelente;Norte;Aguardando Pagamento;Não
304;641,06;1;22;4;Esportes;Boleto;Loja Virtual;Neutro;Sudeste;Entregue;Não
305;728,83;6;18;5;Livros;Cartão de Crédito;Filial B;Ruim;Centro-Oeste;Aguardando Pagamento;Não
306;976,09;7;2;2;Livros;Boleto;Filial C;Excelente;Sul;Em Trânsito;Não
307;521,14;3;14;4;Roupas;Pix;Filial A;Boa;Centro-Oeste;Cancelado;Não
308;329,73;8;18;3;Livros;Pix;Filial B;Excelente;Centro-Oeste;Em Trânsito;Não
309;797,23;5;1;4;Eletrônicos;Boleto;Filial B;Boa;Nordeste;Entregue;Não
310;278,12;9;14;3;Beleza;Boleto;Loja Virtual;Ruim;Sudeste;Cancelado;Não
311;444,58;5;22;3;Beleza;Boleto;Filial C;Boa;Centro-Oeste;Aguardando Pagamento;Não
312;87,67;9;26;4;Casa;Transferência Bancária;Filial A;Boa;Norte;Aguardando Pagamento;Não
313;3,51;4;13;3;Esportes;Boleto;Loja Virtual;Boa;Norte;Aguardando Pagamento;Não
314;963,02;9;1;3;Eletrônicos;Cartão de Crédito;Loja Virtual;Boa;Nordeste;Cancelado;Não
315;837,62;5;5;2;Livros;Transferência Bancária;Filial C;Excelente;Sudeste;Em Trânsito;Não
316;699,01;9;1;5;Beleza;Transferência Bancária;Filial A;Boa;Sudeste;Cancelado;Não
317;414,86;3;2;5;Eletrônicos;Boleto;Filial C;Excelente;Norte;Cancelado;Não
318;181,56;4;1;2;Beleza;Cartão de Crédito;Filial A;Boa;Sul;Entregue;Sim
319;164,87;9;16;4;Livros;Transferência Bancária;Filial C;Neutro;Nordeste;Cancelado;Sim
320;257,74;6;15;1;Beleza;Pix;Loja Virtual;Ruim;Nordeste;Aguardando Pagamento;Não
321;553,73;2;2;1;Esportes;Transferência Bancária;Loja Virtual;Boa;Norte;Em Trânsito;Não
322;717,45;7;12;1;Esportes;Boleto;Matriz;Neutro;Norte;Em Trânsito;Sim
323;66,36;2;7;2;Casa;Cartão de Crédito;Filial B;Boa;Sul;Em Trânsito;Não
324;287,13;2;13;2;Casa;Boleto;Filial C;Boa;Sul;Aguardando Pagamento;Sim
325;955,32;1;6;3;Beleza;Pix;Matriz;Boa;Sudeste;Aguardando Pagamento;Sim
326;740,52;3;25;1;Eletrônicos;Pix;Filial B;Neutro;Nordeste;Aguardando Pagamento;Não
327;558,81;6;5;4;Esportes;Pix;Filial C;Ruim;Nordeste;Aguardando Pagamento;Sim
328;61,56;8;29;4;Eletrônicos;Boleto;Filial A;Neutro;Norte;Aguardando Pagamento;Sim
329;42,54;9;12;1;Eletrônicos;Transferência Bancária;Filial B;Ruim;Sudeste;Cancelado;Não
330;255,25;7;25;1;Beleza;Boleto;Loja Virtual;Boa;Nordeste;Aguardando Pagamento;Não
331;362,41;4;19;1;Eletrônicos;Cartão de Crédito;Matriz;Excelente;Sudeste;Aguardando Pagamento;Não
332;760,27;6;22;2;Esportes;Transferência Bancária;Filial B;Boa;Sudeste;Aguardando Pagamento;Não
333;24,25;5;23;2;Livros;Pix;Filial B;Ruim;Norte;Aguardando Pagamento;Não
334;124,91;8;15;2;Casa;Boleto;Loja Virtual;Neutro;Sudeste;Em Trânsito;Sim
335;55,54;1;16;5;Livros;Pix;Filial C;Boa;Sul;Aguardando Pagamento;Não
336;50,32;1;15;4;Eletrônicos;Pix;Filial A;Neutro;Sul;Cancelado;Sim
337;856,91;6;18;4;Livros;Cartão de Crédito;Loja Virtual;Neutro;Centro-Oeste;Cancelado;Não
338;706,62;2;1;3;Esportes;Transferência Bancária;Filial A;Neutro;Norte;Cancelado;Não
339;479,43;5;12;2;Esportes;Cartão de Crédito;Filial C;Boa;Centro-Oeste;Entregue;Não
340;106,86;1;18;5;Eletrônicos;Cartão de Crédito;Filial B;Neutro;Sul;Em Trânsito;Sim
341;49,67;7;18;5;Beleza;Cartão de Crédito;Filial A;Neutro;Centro-Oeste;Aguardando Pagamento;Não
342;478,74;1;24;4;Livros;Pix;Matriz;Boa;Norte;Entregue;Sim
343;181,47;4;2;2;Beleza;Cartão de Crédito;Matriz;Neutro;Norte;Aguardando Pagamento;Sim
344;439,51;9;3;3;Beleza;Cartão de Crédito;Loja Virtual;Boa;Sudeste;Entregue;Não
345;404,52;1;9;2;Roupas;Transferência Bancária;Filial C;Ruim;Nordeste;Entregue;Sim
346;619,69;4;11;1;Eletrônicos;Transferência Bancária;Loja Virtual;Ruim;Sudeste;Cancelado;Não
347;638,74;6;12;2;Casa;Cartão de Crédito;Loja Virtual;Ruim;Norte;Cancelado;Sim
348;54,85;6;14;1;Esportes;Transferência Bancária;Loja Virtual;Neutro;Sul;Entregue;Não
349;380,87;8;25;1;Esportes;Transferência Bancária;Matriz;Excelente;Sul;Cancelado;Não
350;62,96;1;7;3;Eletrônicos;Cartão de Crédito;Matriz;Excelente;Sudeste;Entregue;Não
351;50,81;7;23;4;Casa;Pix;Loja Virtual;Neutro;Norte;Em Trânsito;Não
352;857,92;1;12;2;Esportes;Cartão de Crédito;Matriz;Excelente;Sul;Cancelado;Não
353;662,11;7;18;1;Eletrônicos;Transferência Bancária;Filial C;Boa;Norte;Cancelado;Não
354;171,31;3;19;2;Esportes;Pix;Loja Virtual;Excelente;Sul;Cancelado;Não
355;79,86;8;11;4;Beleza;Boleto;Matriz;Neutro;Norte;Em Trânsito;Não
356;64,60;3;15;4;Livros;Pix;Filial A;Neutro;Centro-Oeste;Entregue;Não
357;36,25;1;12;5;Livros;Transferência Bancária;Loja Virtual;Boa;Norte;Aguardando Pagamento;Não
358;589,92;8;2;4;Esportes;Pix;Loja Virtual;Ruim;Norte;Cancelado;Não
359;940,83;3;13;3;Roupas;Cartão de Crédito;Filial C;Neutro;Sudeste;Entregue;Não
360;579,72;2;3;1;Casa;Boleto;Filial B;Boa;Centro-Oeste;Em Trânsito;Não
361;394,29;1;12;5;Casa;Boleto;Filial B;Excelente;Nordeste;Aguardando Pagamento;Não
362;646,86;3;18;3;Casa;Boleto;Filial C;Excelente;Sudeste;Cancelado;Sim
363;463,67;2;17;2;Beleza;Transferência Bancária;Filial C;Boa;Nordeste;Em Trânsito;Sim
364;550,16;2;2;1;Casa;Transferência Bancária;Filial C;Boa;Sul;Em Trânsito;Não
365;942,05;6;3;4;Livros;Boleto;Filial B;Neutro;Nordeste;Aguardando Pagamento;Sim
366;392,24;1;2;1;Beleza;Pix;Filial C;Excelente;Norte;Entregue;Não
367;961,58;2;9;2;Eletrônicos;Boleto;Matriz;Boa;Nordeste;Cancelado;Não
368;90,63;6;12;5;Casa;Pix;Loja Virtual;Excelente;Sudeste;Cancelado;Não
369;203,83;3;26;5;Casa;Pix;Loja Virtual;Boa;Sudeste;Entregue;Sim
370;78,67;4;0;5;Eletrônicos;Transferência Bancária;Filial A;Excelente;Nordeste;Entregue;Sim
371;109,77;1;18;4;Casa;Pix;Filial A;Ruim;Sudeste;Entregue;Não
372;28,04;8;18;3;Eletrônicos;Boleto;Loja Virtual;Neutro;Sudeste;Aguardando Pagamento;Não
373;10,35;7;12;3;Beleza;Transferência Bancária;Matriz;Excelente;Nordeste;Aguardando Pagamento;Não
374;686,18;7;7;1;Livros;Cartão de Crédito;Filial B;Ruim;Centro-Oeste;Cancelado;Não
375;80,48;3;7;4;Eletrônicos;Cartão de Crédito;Filial B;Excelente;Centro-Oeste;Aguardando Pagamento;Não
376;325,79;3;27;5;Roupas;Transferência Bancária;Matriz;Excelente;Sul;Em Trânsito;Não
377;846,43;2;13;5;Eletrônicos;Boleto;Filial B;Ruim;Sudeste;Cancelado;Não
378;33,04;1;1;2;Casa;Cartão de Crédito;Filial C;Excelente;Nordeste;Aguardando Pagamento;Sim
379;816,32;7;13;2;Beleza;Cartão de Crédito;Loja Virtual;Excelente;Sudeste;Entregue;Não
380;289,04;7;2;5;Esportes;Pix;Loja Virtual;Neutro;Norte;Em Trânsito;Não
381;126,98;2;4;5;Beleza;Pix;Matriz;Ruim;Sudeste;Entregue;Não
382;699,77;7;13;4;Esportes;Boleto;Filial B;Ruim;Sudeste;Cancelado;Sim
383;632,65;8;18;3;Eletrônicos;Transferência Bancária;Filial A;Boa;Centro-Oeste;Entregue;Não
384;87,87;1;28;2;Livros;Boleto;Filial A;Excelente;Nordeste;Aguardando Pagamento;Não
385;737,72;9;8;3;Roupas;Transferência Bancária;Filial B;Neutro;Sudeste;Aguardando Pagamento;Não
386;805,45;7;11;4;Beleza;Cartão de Crédito;Filial A;Excelente;Centro-Oeste;Cancelado;Sim
387;289,21;3;11;5;Casa;Pix;Matriz;Excelente;Sul;Entregue;Não
388;185,67;8;18;3;Esportes;Boleto;Matriz;Boa;Centro-Oeste;Cancelado;Não
389;753,11;7;11;5;Casa;Boleto;Filial B;Excelente;Centro-Oeste;Entregue;Não
390;808,77;8;16;5;Livros;Transferência Bancária;Filial A;Neutro;Centro-Oeste;Em Trânsito;Não
391;99,06;6;23;1;Esportes;Transferência Bancária;Matriz;Neutro;Sudeste;Aguardando Pagamento;Não
392;418,49;9;21;3;Beleza;Boleto;Matriz;Boa;Sudeste;Cancelado;Não
393;37,83;5;13;3;Eletrônicos;Transferência Bancária;Filial C;Excelente;Sul;Em Trânsito;Não
394;778,65;3;26;5;Casa;Boleto;Filial C;Neutro;Norte;Em Trânsito;Não
395;34,74;3;17;4;Livros;Boleto;Matriz;Excelente;Norte;Cancelado;Sim
396;931,45;1;16;1;Beleza;Boleto;Filial B;Excelente;Norte;Cancelado;Não
397;859,83;8;1;5;Beleza;Cartão de Crédito;Loja Virtual;Excelente;Sul;Em Trânsito;Sim
398;43,47;2;3;2;Beleza;Transferência Bancária;Loja Virtual;Boa;Norte;Entregue;Não
399;753,36;3;4;2;Beleza;Pix;Matriz;Excelente;Norte;Em Trânsito;Sim
400;75,70;8;7;1;Esportes;Pix;Matriz;Neutro;Centro-Oeste;Cancelado;Sim
401;112,09;8;2;4;Beleza;Transferência Bancária;Matriz;Excelente;Sudeste;Em Trânsito;Não
402;903,53;4;19;5;Casa;Boleto;Filial B;Neutro;Sudeste;Entregue;Sim
403;51,02;4;7;3;Livros;Pix;Filial C;Excelente;Centro-Oeste;Aguardando Pagamento;Não
404;828,19;5;5;1;Esportes;Pix;Matriz;Neutro;Centro-Oeste;Aguardando Pagamento;Sim
405;326,85;6;3;4;Beleza;Transferência Bancária;Matriz;Neutro;Centro-Oeste;Em Trânsito;Não
406;896,57;5;3;3;Roupas;Pix;Filial A;Excelente;Sudeste;Entregue;Não
407;395,31;7;18;2;Roupas;Boleto;Filial B;Excelente;Norte;Aguardando Pagamento;Não
408;20,73;2;21;2;Livros;Transferência Bancária;Matriz;Neutro;Centro-Oeste;Em Trânsito;Não
409;906,33;7;12;3;Eletrônicos;Boleto;Filial A;Ruim;Sul;Em Trânsito;Sim
410;100,37;7;14;1;Eletrônicos;Pix;Loja Virtual;Boa;Centro-Oeste;Entregue;Não
411;326,12;1;21;2;Esportes;Pix;Matriz;Ruim;Nordeste;Cancelado;Sim
412;950,56;7;1;5;Esportes;Boleto;Matriz;Ruim;Centro-Oeste;Em Trânsito;Não
413;95,11;5;1;3;Esportes;Cartão de Crédito;Filial A;Excelente;Sudeste;Cancelado;Não
414;57,77;3;29;3;Eletrônicos;Pix;Filial B;Boa;Centro-Oeste;Cancelado;Não
415;635,52;3;17;2;Roupas;Cartão de Crédito;Matriz;Ruim;Nordeste;Aguardando Pagamento;Sim
416;453,96;4;8;1;Eletrônicos;Pix;Loja Virtual;Excelente;Sul;Cancelado;Não
417;300,28;2;16;5;Casa;Cartão de Crédito;Matriz;Ruim;Norte;Entregue;Sim
418;335,38;2;1;1;Beleza;Cartão de Crédito;Loja Virtual;Ruim;Centro-Oeste;Aguardando Pagamento;Não
419;675,79;1;16;4;Esportes;Cartão de Crédito;Filial C;Excelente;Nordeste;Aguardando Pagamento;Não
420;754,85;5;4;4;Roupas;Boleto;Filial C;Excelente;Nordeste;Aguardando Pagamento;Não
421;793,66;4;4;2;Livros;Cartão de Crédito;Loja Virtual;Excelente;Sul;Em Trânsito;Sim
422;791,72;2;4;2;Livros;Cartão de Crédito;Filial B;Boa;Sudeste;Em Trânsito;Sim
423;100,29;3;28;2;Beleza;Cartão de Crédito;Matriz;Ruim;Centro-Oeste;Cancelado;Não
424;499,48;7;22;4;Roupas;Pix;Matriz;Excelente;Nordeste;Aguardando Pagamento;Sim
425;66,98;7;5;1;Eletrônicos;Cartão de Crédito;Filial C;Neutro;Sul;Aguardando Pagamento;Sim
426;554,03;4;6;1;Eletrônicos;Pix;Loja Virtual;Ruim;Norte;Entregue;Não
427;447,12;5;22;2;Casa;Cartão de Crédito;Matriz;Neutro;Nordeste;Cancelado;Sim
428;888,83;5;5;5;Casa;Cartão de Crédito;Matriz;Boa;Sul;Entregue;Sim
429;357,41;6;7;1;Eletrônicos;Boleto;Filial B;Excelente;Sudeste;Cancelado;Não
430;12,59;9;29;4;Livros;Pix;Filial A;Neutro;Sudeste;Cancelado;Não
431;151,56;2;8;3;Esportes;Cartão de Crédito;Filial C;Boa;Nordeste;Em Trânsito;Sim
432;76,39;5;2;3;Livros;Pix;Filial C;Excelente;Nordeste;Em Trânsito;Sim
433;622,04;3;29;3;Casa;Pix;Filial A;Neutro;Centro-Oeste;Entregue;Não
434;110,11;4;11;5;Beleza;Transferência Bancária;Matriz;Neutro;Sul;Cancelado;Sim
435;93,27;6;1;2;Eletrônicos;Boleto;Filial B;Boa;Nordeste;Aguardando Pagamento;Não
436;703,96;8;7;4;Casa;Boleto;Filial B;Excelente;Centro-Oeste;Em Trânsito;Sim
437;82,04;1;25;5;Casa;Boleto;Filial C;Excelente;Centro-Oeste;Aguardando Pagamento;Não
438;823,64;8;26;4;Esportes;Transferência Bancária;Filial B;Neutro;Nordeste;Entregue;Não
439;709,18;7;23;4;Eletrônicos;Transferência Bancária;Filial A;Neutro;Sudeste;Em Trânsito;Não
440;90,54;1;3;2;Esportes;Boleto;Matriz;Neutro;Sul;Em Trânsito;Não
441;93,99;2;24;3;Eletrônicos;Transferência Bancária;Filial A;Excelente;Sul;Cancelado;Não
442;986,77;3;28;2;Esportes;Transferência Bancária;Loja Virtual;Boa;Sudeste;Entregue;Sim
443;380,53;1;18;5;Livros;Transferência Bancária;Filial C;Boa;Nordeste;Cancelado;Sim
444;376,94;9;28;5;Beleza;Boleto;Filial B;Excelente;Sul;Em Trânsito;Não
445;814,67;8;25;5;Beleza;Boleto;Loja Virtual;Ruim;Nordeste;Entregue;Sim
446;947,78;2;2;2;Eletrônicos;Boleto;Filial B;Boa;Nordeste;Em Trânsito;Sim
447;986,14;9;17;4;Roupas;Transferência Bancária;Matriz;Neutro;Centro-Oeste;Entregue;Não
448;755,84;7;1;4;Casa;Boleto;Matriz;Ruim;Sudeste;Em Trânsito;Não
449;38,25;9;5;1;Casa;Transferência Bancária;Matriz;Ruim;Nordeste;Aguardando Pagamento;Não
450;92,67;6;18;5;Eletrônicos;Cartão de Crédito;Filial B;Boa;Norte;Aguardando Pagamento;Não
451;779,38;6;1;4;Esportes;Transferência Bancária;Loja Virtual;Ruim;Sudeste;Cancelado;Não
452;562,82;4;26;1;Roupas;Pix;Matriz;Ruim;Sul;Aguardando Pagamento;Sim
453;429,98;2;3;4;Livros;Boleto;Loja Virtual;Boa;Centro-Oeste;Em Trânsito;Não
454;907,29;7;23;5;Esportes;Boleto;Filial B;Boa;Sul;Em Trânsito;Sim
455;120,09;5;3;3;Esportes;Pix;Loja Virtual;Ruim;Sul;Aguardando Pagamento;Não
456;49,77;6;9;5;Eletrônicos;Transferência Bancária;Filial B;Neutro;Sudeste;Cancelado;Não
457;21,24;2;3;2;Eletrônicos;Cartão de Crédito;Filial B;Excelente;Sul;Aguardando Pagamento;Não
458;473,97;5;2;4;Casa;Pix;Filial C;Ruim;Nordeste;Entregue;Não
459;65,74;4;23;4;Eletrônicos;Pix;Filial B;Ruim;Sul;Entregue;Sim
460;127,63;9;28;2;Eletrônicos;Transferência Bancária;Filial B;Neutro;Centro-Oeste;Entregue;Não
461;126,35;6;13;2;Eletrônicos;Boleto;Filial A;Ruim;Centro-Oeste;Aguardando Pagamento;Não
462;652,72;2;27;3;Casa;Transferência Bancária;Matriz;Ruim;Norte;Aguardando Pagamento;Não
463;748,58;1;26;4;Livros;Pix;Filial C;Excelente;Centro-Oeste;Aguardando Pagamento;Não
464;587,54;5;1;4;Livros;Pix;Filial C;Excelente;Sul;Entregue;Não
465;962,55;9;26;3;Eletrônicos;Boleto;Filial C;Excelente;Centro-Oeste;Cancelado;Sim
466;381,12;6;11;1;Casa;Boleto;Filial A;Boa;Sudeste;Em Trânsito;Sim
467;292,85;7;9;3;Livros;Boleto;Filial B;Boa;Centro-Oeste;Aguardando Pagamento;Não
468;869,91;5;19;5;Esportes;Transferência Bancária;Matriz;Excelente;Nordeste;Cancelado;Não
469;231,36;6;1;4;Livros;Boleto;Loja Virtual;Excelente;Sudeste;Em Trânsito;Não
470;963,59;5;19;2;Livros;Pix;Filial B;Boa;Norte;Em Trânsito;Não
471;22,03;9;18;5;Casa;Pix;Filial A;Neutro;Nordeste;Em Trânsito;Não
472;970,18;6;17;4;Esportes;Cartão de Crédito;Filial B;Ruim;Sul;Cancelado;Não
473;52,73;8;11;3;Casa;Transferência Bancária;Filial B;Ruim;Sul;Cancelado;Não
474;892,23;2;16;5;Eletrônicos;Cartão de Crédito;Filial A;Excelente;Sul;Entregue;Sim
475;532,42;9;18;4;Beleza;Pix;Filial C;Neutro;Nordeste;Cancelado;Não
476;993,04;5;16;1;Livros;Cartão de Crédito;Filial C;Boa;Nordeste;Cancelado;Sim
477;83,06;7;13;1;Beleza;Pix;Matriz;Excelente;Nordeste;Cancelado;Sim
478;558,32;1;0;2;Casa;Cartão de Crédito;Matriz;Neutro;Sudeste;Em Trânsito;Não
479;969,61;5;18;4;Casa;Boleto;Filial C;Neutro;Sudeste;Aguardando Pagamento;Não
480;527,87;2;5;1;Casa;Cartão de Crédito;Loja Virtual;Neutro;Sul;Entregue;Sim
481;63,31;6;19;3;Beleza;Boleto;Filial B;Boa;Centro-Oeste;Aguardando Pagamento;Sim
482;698,79;1;23;4;Casa;Boleto;Loja Virtual;Boa;Sul;Aguardando Pagamento;Sim
483;46,00;3;15;3;Eletrônicos;Transferência Bancária;Filial B;Ruim;Norte;Cancelado;Não
484;631,28;5;16;3;Casa;Boleto;Filial C;Ruim;Sudeste;Entregue;Sim
485;588,47;4;29;1;Roupas;Boleto;Matriz;Neutro;Nordeste;Aguardando Pagamento;Sim
486;902,15;3;25;4;Beleza;Cartão de Crédito;Matriz;Neutro;Sudeste;Aguardando Pagamento;Não
487;54,99;5;27;5;Roupas;Pix;Loja Virtual;Boa;Nordeste;Entregue;Não
488;288,15;8;24;1;Casa;Transferência Bancária;Matriz;Ruim;Norte;Cancelado;Não
489;950,91;4;3;1;Eletrônicos;Boleto;Filial C;Neutro;Norte;Aguardando Pagamento;Sim
490;891,36;1;4;4;Livros;Transferência Bancária;Loja Virtual;Ruim;Sudeste;Em Trânsito;Não
491;46,11;7;16;4;Esportes;Cartão de Crédito;Filial B;Ruim;Nordeste;Aguardando Pagamento;Não
492;623,93;8;7;3;Esportes;Boleto;Matriz;Neutro;Norte;Em Trânsito;Não
493;284,61;3;14;4;Casa;Cartão de Crédito;Filial A;Boa;Sul;Cancelado;Não
494;196,24;6;12;3;Eletrônicos;Transferência Bancária;Matriz;Neutro;Sul;Aguardando Pagamento;Não
495;469,06;2;16;1;Beleza;Cartão de Crédito;Filial B;Neutro;Nordeste;Entregue;Sim
496;359,82;7;22;2;Roupas;Transferência Bancária;Loja Virtual;Ruim;Sudeste;Entregue;Não
497;587,82;8;21;5;Roupas;Cartão de Crédito;Filial B;Neutro;Norte;Aguardando Pagamento;Não
498;86,96;6;16;1;Roupas;Transferência Bancária;Filial A;Boa;Sudeste;Cancelado;Não
499;974,65;6;25;4;Beleza;Pix;Filial C;Neutro;Sul;Cancelado;Sim
500;986,35;5;13;5;Esportes;Cartão de Crédito;Matriz;Boa;Norte;Entregue;Sim
501;701,18;8;27;2;Eletrônicos;Cartão de Crédito;Loja Virtual;Boa;Sudeste;Aguardando Pagamento;Não
502;540,74;1;2;2;Beleza;Pix;Filial C;Ruim;Centro-Oeste;Cancelado;Sim
503;316,43;4;29;3;Roupas;Pix;Filial B;Excelente;Nordeste;Entregue;Sim
504;815,66;4;2;5;Casa;Cartão de Crédito;Loja Virtual;Excelente;Nordeste;Em Trânsito;Não
505;687,88;3;11;3;Livros;Pix;Filial C;Ruim;Centro-Oeste;Aguardando Pagamento;Não
506;170,99;3;6;1;Beleza;Boleto;Loja Virtual;Neutro;Sul;Em Trânsito;Não
507;911,82;4;14;5;Beleza;Transferência Bancária;Filial A;Ruim;Norte;Em Trânsito;Não
508;824,31;1;6;1;Eletrônicos;Transferência Bancária;Filial A;Boa;Nordeste;Cancelado;Não
509;95,03;2;5;3;Eletrônicos;Transferência Bancária;Matriz;Excelente;Centro-Oeste;Cancelado;Sim
510;728,46;9;19;5;Beleza;Boleto;Matriz;Ruim;Centro-Oeste;Cancelado;Sim
511;617,28;2;16;3;Roupas;Pix;Filial A;Neutro;Sul;Aguardando Pagamento;Não
512;424,06;5;2;5;Livros;Pix;Loja Virtual;Ruim;Sul;Em Trânsito;Não
513;93,34;9;28;3;Eletrônicos;Cartão de Crédito;Filial A;Excelente;Sudeste;Aguardando Pagamento;Não
514;86,74;9;16;2;Roupas;Pix;Matriz;Ruim;Nordeste;Cancelado;Sim
515;54,77;8;17;3;Casa;Cartão de Crédito;Filial A;Ruim;Sudeste;Em Trânsito;Não
516;3,61;1;3;2;Eletrônicos;Boleto;Filial A;Excelente;Centro-Oeste;Aguardando Pagamento;Não
517;38,27;1;22;3;Roupas;Transferência Bancária;Loja Virtual;Boa;Norte;Aguardando Pagamento;Não
518;812,45;9;12;5;Roupas;Transferência Bancária;Filial C;Boa;Norte;Entregue;Não
519;98,74;8;29;5;Livros;Transferência Bancária;Matriz;Excelente;Sul;Aguardando Pagamento;Não
520;158,91;9;25;5;Livros;Pix;Loja Virtual;Ruim;Norte;Cancelado;Não
521;598,19;7;16;4;Casa;Cartão de Crédito;Filial A;Excelente;Norte;Aguardando Pagamento;Não
522;387,08;3;4;1;Roupas;Cartão de Crédito;Filial A;Boa;Norte;Em Trânsito;Sim
523;970,22;3;26;5;Esportes;Boleto;Filial C;Neutro;Centro-Oeste;Aguardando Pagamento;Não
524;84,37;2;24;2;Roupas;Pix;Matriz;Ruim;Norte;Entregue;Não
525;839,95;5;6;5;Livros;Boleto;Matriz;Boa;Norte;Em Trânsito;Sim
526;474,01;3;9;4;Esportes;Cartão de Crédito;Filial B;Ruim;Norte;Em Trânsito;Não
527;420,67;6;24;2;Eletrônicos;Cartão de Crédito;Matriz;Excelente;Sudeste;Entregue;Não
528;280,67;2;6;4;Eletrônicos;Transferência Bancária;Filial C;Neutro;Centro-Oeste;Cancelado;Sim
529;65,81;3;28;2;Beleza;Pix;Filial B;Excelente;Sul;Em Trânsito;Não
530;866,08;5;13;3;Livros;Cartão de Crédito;Filial B;Neutro;Sudeste;Cancelado;Sim
531;814,77;1;3;1;Beleza;Transferência Bancária;Filial A;Ruim;Nordeste;Em Trânsito;Não
532;999,72;1;24;1;Esportes;Pix;Filial A;Ruim;Centro-Oeste;Em Trânsito;Não
533;996,67;9;11;4;Livros;Boleto;Matriz;Excelente;Centro-Oeste;Cancelado;Não
534;559,88;7;16;1;Casa;Pix;Filial B;Neutro;Nordeste;Em Trânsito;Não
535;77,13;1;3;4;Roupas;Pix;Filial A;Neutro;Nordeste;Cancelado;Não
536;945,32;8;0;4;Casa;Cartão de Crédito;Filial C;Ruim;Nordeste;Entregue;Não
537;851,15;3;19;4;Esportes;Cartão de Crédito;Filial A;Excelente;Sul;Cancelado;Sim
538;254,87;8;15;1;Livros;Pix;Filial A;Neutro;Norte;Entregue;Não
539;456,04;5;18;4;Esportes;Cartão de Crédito;Filial B;Ruim;Centro-Oeste;Em Trânsito;Sim
540;137,87;1;24;1;Roupas;Cartão de Crédito;Filial B;Boa;Norte;Cancelado;Não
541;954,51;7;19;4;Eletrônicos;Cartão de Crédito;Loja Virtual;Excelente;Norte;Em Trânsito;Não
542;610,11;5;5;5;Eletrônicos;Transferência Bancária;Filial C;Boa;Nordeste;Cancelado;Sim
543;236,36;6;11;4;Esportes;Transferência Bancária;Filial B;Excelente;Sul;Entregue;Não
544;674,98;6;27;2;Beleza;Pix;Matriz;Ruim;Sudeste;Entregue;Sim
545;621,95;8;23;4;Livros;Cartão de Crédito;Filial C;Neutro;Sul;Cancelado;Sim
546;364,58;9;17;3;Livros;Transferência Bancária;Filial C;Neutro;Norte;Entregue;Não
547;122,42;2;8;4;Eletrônicos;Pix;Filial B;Neutro;Sul;Em Trânsito;Sim
548;674,86;9;9;2;Casa;Cartão de Crédito;Filial C;Excelente;Nordeste;Em Trânsito;Sim
549;52,51;9;22;2;Roupas;Boleto;Filial B;Ruim;Sudeste;Aguardando Pagamento;Sim
550;77,46;7;26;1;Casa;Cartão de Crédito;Filial A;Boa;Nordeste;Entregue;Não
